<?xml version="1.0"?>
<!--<!DOCTYPE metadata SYSTEM "http://www.esri.com/metadata/esriprof80.dtd">-->
<metadata xml:lang="en"><Esri><CreaDate>20031117</CreaDate><CreaTime>13133300</CreaTime><SyncOnce>FALSE</SyncOnce><SyncDate>20031117</SyncDate><SyncTime>13141300</SyncTime><ModDate>20031117</ModDate><ModTime>13141300</ModTime><MetaID>{217FF077-A55B-4B1A-8FDD-49F71BF432A0}</MetaID></Esri><dataIdInfo><envirDesc Sync="TRUE">Microsoft Windows 2000 Version 5.0 (Build 2195) Service Pack 3; ESRI ArcCatalog 8.3.0.800</envirDesc><dataLang><languageCode Sync="TRUE" value="en"></languageCode></dataLang><idCitation><resTitle Sync="TRUE">cgrs_grid</resTitle><presForm><PresFormCd Sync="TRUE" value="005"></PresFormCd></presForm><resEd>1</resEd><resRefData><refDate>20031023</refDate></resRefData><resAltTitle>Common European Chorological Grid Reference System</resAltTitle><resAltTitle>CGRS</resAltTitle><resAltTitle>AFE grid</resAltTitle></idCitation><spatRpType><SpatRepTypCd Sync="TRUE" value="001"></SpatRepTypCd></spatRpType><dataExt><geoEle><GeoBndBox esriExtentType="native"><westBL Sync="TRUE">-42.00003</westBL><eastBL Sync="TRUE">85.18903</eastBL><northBL Sync="TRUE">84.19662</northBL><southBL Sync="TRUE">0</southBL><exTypeCode Sync="TRUE">1</exTypeCode></GeoBndBox></geoEle></dataExt><geoBox esriExtentType="decdegrees"><westBL Sync="TRUE">-42.00003</westBL><eastBL Sync="TRUE">85.18903</eastBL><northBL Sync="TRUE">84.19662</northBL><southBL Sync="TRUE">0</southBL><exTypeCode Sync="TRUE">1</exTypeCode></geoBox><idAbs>The CGRS grid is modified from the Military Grid Reference System (MGRS). The MGRS itself is an alphanumeric version of a numerical UTM (Universal Transverse Mercator) or UPS (Universal Polar Stereographic) grid coordinate. In year 2000 representatives of the atlas groups mapping the European vascular plants, mammals, birds, amphibians, reptiles, fungi and invertebrates agreed to use this as a common grid for species distribution mapping.</idAbs><descKeys><keyword>Nature</keyword><keyword>Biodiversity change</keyword><keyword>species</keyword><keyword>distribution</keyword><keyword>grid</keyword></descKeys><tpCat><TopicCatCd value="007"></TopicCatCd></tpCat><idPoC><rpOrgName>European Environment Agency</rpOrgName><rpPosName>GIS Manager</rpPosName><rpCntInfo><cntAdress><delPoint>Kongens Nytorv 6</delPoint><city>Copenhagen</city><adminArea>K</adminArea><postCode>1050</postCode><country>Denmark</country><eMailAdd></eMailAdd></cntAdress></rpCntInfo><role value="005"></role></idPoC><BrfAbsEEA>50 km x 50 km UTM grid</BrfAbsEEA><idPoC><role value="006"></role><rpOrgName>European Topic Center on Nature Protection and Biodiversity (ETC-NPB)</rpOrgName><rpIndName>Marc Roekaerts</rpIndName><rpCntInfo><cntAdress><delPoint>Muséum National d'Histoire Naturelle
57, rue Cuvier</delPoint><city>75231 PARIS</city><postCode>Cedex 05</postCode><country>FRANCE</country><eMailAdd>ctecninf@mnhn.fr</eMailAdd></cntAdress></rpCntInfo></idPoC></dataIdInfo><mdLang><languageCode Sync="TRUE" value="en"></languageCode></mdLang><mdStanName>EEA-MSGI/ISO19115 (First Edition)</mdStanName><mdStanVer>1.1</mdStanVer><mdChar><CharSetCd Sync="TRUE" value="004"></CharSetCd></mdChar><mdHrLv><ScopeCd Sync="TRUE" value="005"></ScopeCd></mdHrLv><mdHrLvName Sync="TRUE">dataset</mdHrLvName><distInfo><distributor><distorFormat><formatName Sync="TRUE">Shapefile</formatName></distorFormat><distorTran><onLineSrc><orDesc Sync="TRUE">002</orDesc><linkage Sync="TRUE">file://\\EEAPC6944\D$\WorkSpace\Temp\cgrs_grid.shp</linkage><protocol Sync="TRUE">Local Area Network</protocol></onLineSrc><transSize Sync="TRUE">8.584</transSize></distorTran></distributor></distInfo><refSysInfo><RefSystem><refSysID><identCode Sync="TRUE">WGS84 Lat/Long's</identCode></refSysID></RefSystem></refSysInfo><spatRepInfo><VectSpatRep><topLvl><TopoLevCd Sync="TRUE" value="001"></TopoLevCd></topLvl><geometObjs Name="cgrs_grid"><geoObjTyp><GeoObjTypCd Sync="TRUE" value="001"></GeoObjTypCd></geoObjTyp><geoObjCnt Sync="TRUE">35629</geoObjCnt></geometObjs></VectSpatRep></spatRepInfo><mdDateSt Sync="TRUE">20031117</mdDateSt><mdExtInfo><extEleInfo><extEleName>EEABriefAbstract</extEleName><extShortName>BrfAbsEEA</extShortName><extEleDef>Brief narrative summary of the content of the dataset (max. 100 characters)</extEleDef><eleDataType value="014"></eleDataType><extEleParEnt>Metadata/dataIdInfo/</extEleParEnt></extEleInfo><extEleInfo><extEleName>EEADatasetChanges</extEleName><extShortName>DataChgEEA</extShortName><extEleDef>Changes since last version of dataset</extEleDef><eleDataType value="014"></eleDataType><extEleParEnt>Metadata/dqInfo/</extEleParEnt></extEleInfo></mdExtInfo><mdContact><role><RoleCd>007</RoleCd></role><rpOrgName>European Environment Agency</rpOrgName><rpIndName>Mette Palitzsch Lund</rpIndName><rpPosName>GIS Manager</rpPosName><rpCntInfo><cntAddress><delPoint>Kongens Nytorv 6</delPoint><city>Copenhagen</city><adminArea>K</adminArea><postCode>1050</postCode><country>Denmark</country><eMailAdd>Mette.Lund@eea.eu.int</eMailAdd></cntAddress></rpCntInfo></mdContact><mdConst><accessConsts><RestrictCd value="008"></RestrictCd></accessConsts><othConsts>Can be freely disseminated with proper metadata</othConsts></mdConst><dqInfo><dataLineage><statement>See http://www.fmnh.helsinki.fi/map/afe/E_newgrid.htm</statement><prcStep><stepDesc>The conversion methodes from MIF to SHP provided by ESRI failed on CGRS grid by unexpeded errors. For the conversion, FME Universal Translator (Feature Manipulation Engine) provided by Safe Software inc (www.safe.com) was used (- An evaluation version for one week was used). The conversion was done in one step provided by a default FME script, (Automated MAP/INFO Mif/Mid Translation). FME evaluate correct the data and the coordsys of the CGRS grid and generate a shapefile with projection.</stepDesc><stepSrc><srcCitatn><resTitle>cgrs_latlon1.mif</resTitle><resRefDate>20030923</resRefDate></srcCitatn></stepSrc></prcStep></dataLineage><DataChgEEA>Change from MIF to SHP by EEA, original MIF file was provided be ETC-Nature.</DataChgEEA></dqInfo><dataqual><lineage><procstep><procdesc Sync="TRUE">Dataset copied.</procdesc><srcused Sync="TRUE">I:\DATA\EEA\core_data\Grids\CGRS\cgrs_latlon1_region</srcused><date Sync="TRUE">20031117</date><time Sync="TRUE">13133300</time></procstep></lineage></dataqual></metadata>
